product_id,product_name,main_category,rating_num,rating_count_num,review_length_chars,vader_negative_score,vader_neutral_score,vader_positive_score,vader_compound_score,vader_sentiment_label,baseline_sentiment_score,baseline_sentiment_label,dominant_topic,label_agreement,vader_strength
B07WMS7TWB,"Pigeon by Stovekraft Amaze Plus Electric Kettle (14289) with Stainless Steel Body, 1.5 litre, used for boiling Water, making tea and coffee, instant noodles, soup etc. 1500 Watt (Silver)",Home&Kitchen,3.9,123365.0,3811,0.068,0.831,0.101,0.9681,positive,0.0856705873756238,neutral,Charging & Power,False,0.9681
B08FB2LNSZ,"JBL Tune 215BT, 16 Hrs Playtime with Quick Charge, in Ear Bluetooth Wireless Earphones with Mic, 12.5mm Premium Earbuds with Pure Bass, BT 5.0, Dual Pairing, Type C & Voice Assistant Support (Black)",Electronics,3.7,87798.0,2059,0.161,0.695,0.144,-0.1973,negative,1.1908007519598598,positive,Charging & Power,False,0.1973
B0BD3T6Z1D,"Samsung Galaxy M32 Prime Edition (Light Blue, 4GB RAM, 64GB)",Electronics,4.1,56098.0,5470,0.057,0.807,0.136,0.9979,positive,0.0,neutral,Compatibility & Usability,False,0.9979
B09CYTJV3N,"MI 360° Home Security Wireless Camera 2K Pro with Bluetooth Gateway BLE 4.2 l Dual Band Wi-fi Connection l 3 Million 1296p| Full Color in Low-Light | AI Human Detection, White",Electronics,4.3,44696.0,3628,0.078,0.798,0.124,0.9842,positive,0.0890870806374748,neutral,Compatibility & Usability,False,0.9842
B0756K5DYZ,Prestige Iris 750 Watt Mixer Grinder with 3 Stainless Steel Jar + 1 Juicer Jar (White and Blue),Home&Kitchen,3.9,43070.0,451,0.066,0.877,0.057,-0.1465,negative,0.3810003810005715,positive,Compatibility & Usability,False,0.1465
B082T6GVG9,"AmazonBasics New Release ABS USB-A to Lightning Cable Cord, Fast Charging MFi Certified Charger for Apple iPhone, iPad Tablet (3-Ft, White)",Computers&Accessories,4.2,42301.0,280,0.167,0.742,0.091,-0.6181,negative,0.4803844614152613,positive,Charging & Power,False,0.6181
B00N3XLDW0,ENVIE ECR-20 Charger for AA & AAA Rechargeable Batteries,Electronics,3.8,40895.0,1055,0.083,0.873,0.044,-0.81,negative,0.1649572197684645,positive,Charging & Power,False,0.81
B08HF4W2CT,"URBN 20000 mAh lithium_polymer Power Bank with 12 Watt Fast Charging, Camo",Electronics,4.0,36384.0,420,0.129,0.769,0.103,-0.4467,negative,0.0,neutral,Charging & Power,False,0.4467
B07X963JNS,"URBN 10000 mAh Lithium Power Bank UPR10K with 12 Watt Fast Charging, Blue",Electronics,4.0,36384.0,420,0.129,0.769,0.103,-0.4467,negative,0.0,neutral,Charging & Power,False,0.4467
B01HJI0FS2,"Dell MS116 1000Dpi USB Wired Optical Mouse, Led Tracking, Scrolling Wheel, Plug and Play.",Computers&Accessories,4.5,33176.0,916,0.11,0.816,0.073,-0.838,negative,0.659828879073858,positive,Compatibility & Usability,False,0.838
B07VNFP3C2,"Prestige 1.5 Litre Kettle 1500-watts, Red",Home&Kitchen,3.9,31783.0,1129,0.119,0.781,0.1,-0.4497,negative,-0.079555728417573,neutral,Product Quality & Durability,False,0.4497
B09RKFBCV7,"Fire-Boltt Ninja Calling 1.69"" Bluetooth Calling Smart Watch, Dial Pad, Speaker, AI Voice Assistant with 450 NITS Peak Brightness, Wrist Gaming & 100+ Watch Faces with SpO2, HR, Multiple Sports Mode",Electronics,4.2,31305.0,1186,0.151,0.752,0.097,-0.9273,negative,0.6652991438591156,positive,Product Quality & Durability,False,0.9273
B08CFCK6CW,"Boult Audio Truebuds with 30H Playtime, IPX7 Waterproof, Lightning Boult™ Type C Fast Charging (10 Min=100Mins), BoomX™ Tech Rich Bass, Pro+ Calling HD Mic, Touch Controls in Ear Earbuds TWS (Grey)",Electronics,3.6,25910.0,754,0.038,0.876,0.086,0.7308,positive,0.0940720868383597,neutral,Delivery & Packaging,False,0.7308
B07JF9B592,MAONO AU-400 Lavalier Auxiliary Omnidirectional Microphone (Black),MusicalInstruments,3.8,20218.0,3588,0.028,0.822,0.15,0.998,positive,-0.131432386301497,negative,Product Quality & Durability,False,0.998
B07YC8JHMB,"Aquasure From Aquaguard Amaze RO+UV+MTDS,7L storage water purifier,suitable for borewell,tanker,municipal water (Grey) from Eureka Forbes",Home&Kitchen,3.9,18497.0,2392,0.087,0.792,0.121,0.926,positive,-0.1072112534837794,neutral,Product Quality & Durability,False,0.926
B07KR5P3YD,Zebronics Wired Keyboard and Mouse Combo with 104 Keys and a USB Mouse with 1200 DPI - JUDWAA 750,Computers&Accessories,3.9,17348.0,603,0.052,0.905,0.043,-0.2263,negative,0.6396021490668313,positive,Price & Value,False,0.2263
B088ZTJT2R,Havells Immersion HB15 1500 Watt (White Blue),Home&Kitchen,4.2,17218.0,5432,0.085,0.828,0.087,0.5014,positive,-0.0357828133482256,neutral,Price & Value,False,0.5014
B00EYW1U68,TP-Link TL-WA855RE 300 Mbps Wi-Fi Range Extender (White),Computers&Accessories,4.2,16182.0,2513,0.058,0.824,0.118,0.9846,positive,0.1070575455144378,neutral,Compatibility & Usability,False,0.9846
B09YLWT89W,"Sure From Aquaguard Delight NXT RO+UV+UF+Taste Adjuster(MTDS),6L water purifier,8 stages purification,Suitable for borewell,tanker,municipal water(Black) from Eureka Forbes",Home&Kitchen,4.0,16020.0,9109,0.079,0.827,0.094,0.9792,positive,-0.200904052275602,negative,Delivery & Packaging,False,0.9792
B016XVRKZM,"APC Back-UPS BX600C-IN 600VA / 360W, 230V, UPS System, an Ideal Power Backup & Protection for Home Office, Desktop PC & Home Electronics",Computers&Accessories,3.9,15783.0,10639,0.047,0.889,0.063,0.9788,positive,0.026640630772354,neutral,Charging & Power,False,0.9788
B00NW4UWN6,Prestige PKGSS 1.7L 1500W Electric Kettle (Stainless Steel),Home&Kitchen,3.8,15592.0,1053,0.074,0.779,0.146,0.956,positive,0.0800640769025435,neutral,Product Quality & Durability,False,0.956
B095PWLLY6,Crompton Hill Briz Deco 1200mm (48 inch) High Speed Designer Ceiling Fan (Smoked Brown),Home&Kitchen,4.0,15382.0,404,0.017,0.805,0.178,0.7498,positive,0.0,neutral,Price & Value,False,0.7498
B00BN5SNF0,"ENVIE® (AA10004PLNi-CD) AA Rechargeable Batteries, Low Self Discharge, AA 1000mAh Ni-CD (Pack of 4)",Electronics,3.9,13971.0,559,0.072,0.864,0.065,-0.1774,negative,0.0,neutral,Charging & Power,False,0.1774
B00935MD1C,"Prestige PRWO 1.8-2 700-Watts Delight Electric Rice Cooker with 2 Aluminium Cooking Pans - 1.8 Liters, White",Home&Kitchen,3.7,13406.0,220,0.086,0.833,0.081,-0.0516,negative,0.3481553119113957,positive,Charging & Power,False,0.0516
B08WRBG3XW,"boAt Type C A325 Tangle-free, Sturdy Type C Cable with 3A Rapid Charging & 480mbps Data Transmission(Black)",Computers&Accessories,4.1,13045.0,883,0.089,0.834,0.077,-0.2724,negative,0.6187184335382291,positive,Charging & Power,False,0.2724
B08WRBG3XW,"boAt Type C A325 Tangle-free, Sturdy Type C Cable with 3A Rapid Charging & 480mbps Data Transmission(Black)",Computers&Accessories,4.1,13045.0,839,0.097,0.824,0.079,-0.1887,negative,0.4602873089491617,positive,Charging & Power,False,0.1887
B09ND94ZRG,"Boult Audio Airbass Propods X TWS Bluetooth Truly Wireless in Ear Earbuds with Mic, 32H Playtime, Fast Charging Type-C, Ipx5 Water Resistant, Touch Controls and Voice Assistant (Red)",Electronics,3.5,12966.0,2725,0.088,0.805,0.107,0.9448,positive,-0.0482242822170412,neutral,Product Quality & Durability,False,0.9448
B01D5H8ZI8,AmazonBasics 3 Feet High Speed HDMI Male to Female 2.0 Extension Cable,Electronics,4.3,12835.0,1632,0.09,0.811,0.099,-0.2621,negative,1.1283296297199523,positive,Compatibility & Usability,False,0.2621
B09XB8GFBQ,"Redmi 10A (Charcoal Black, 4GB RAM, 64GB Storage) | 2 Ghz Octa Core Helio G25 | 5000 mAh Battery | Finger Print Sensor | Upto 5GB RAM with RAM Booster",Electronics,4.0,12796.0,161,0.123,0.761,0.116,-0.0516,negative,0.7844645405527362,positive,Price & Value,False,0.0516
B09XB7DPW1,"Redmi 10A (Sea Blue, 4GB RAM, 64GB Storage) | 2 Ghz Octa Core Helio G25 | 5000 mAh Battery | Finger Print Sensor | Upto 5GB RAM with RAM Booster",Electronics,4.0,12796.0,161,0.123,0.761,0.116,-0.0516,negative,0.7844645405527362,positive,Price & Value,False,0.0516
B09XB7SRQ5,"Redmi 10A (Slate Grey, 4GB RAM, 64GB Storage) | 2 Ghz Octa Core Helio G25 | 5000 mAh Battery | Finger Print Sensor | Upto 5GB RAM with RAM Booster",Electronics,4.0,12796.0,161,0.123,0.761,0.116,-0.0516,negative,0.7844645405527362,positive,Price & Value,False,0.0516
B08HLZ28QC,Oakter Mini UPS for 12V WiFi Router Broadband Modem | Backup Upto 4 Hours | WiFi Router UPS Power Backup During Power Cuts | UPS for 12V Router Broadband Modem | Current Surge & Deep Discharge Protection,Computers&Accessories,4.1,11716.0,3719,0.059,0.783,0.158,0.9973,positive,-0.2167774923810299,negative,Compatibility & Usability,False,0.9973
B08KHM9VBJ,"Airtel AMF-311WW Data Card (Black), 4g Hotspot Support with 2300 Mah Battery",Computers&Accessories,3.8,11213.0,915,0.132,0.787,0.081,-0.8254,negative,0.0,neutral,Compatibility & Usability,False,0.8254
B096NTB9XT,"Aquaguard Aura RO+UV+UF+Taste Adjuster(MTDS) with Active Copper & Zinc 7L water purifier,8 stages of purification,suitable for borewell,tanker,municipal water(Black) from Eureka Forbes",Home&Kitchen,4.0,11206.0,908,0.201,0.74,0.058,-0.9769,negative,0.172132593164774,positive,Price & Value,False,0.9769
B07JB2Y4SR,Classmate Octane Colour Burst-Multicolour Gel Pens (Pack of 10) | Gold & Silver Glitter Sparkle Pens|10 colour ink shades for art lovers and kids|Fun at home essentials,Home&Kitchen,4.4,10718.0,408,0.19,0.657,0.153,-0.5688,negative,0.3810003810005715,positive,General Experience,False,0.5688
B00JBNZPFM,"Karcher WD3 EU Wet and Dry Vacuum Cleaner, 1000 Watts Powerful Suction, 17 L Capacity, Blower Function, Easy Filter Removal for Home and Garden Cleaning  (Yellow/Black)",Home&Kitchen,4.2,10429.0,1038,0.089,0.717,0.194,0.9755,positive,0.080582296402538,neutral,Compatibility & Usability,False,0.9755
B097JQ1J5G,"Zebronics ZEB-90HB USB Hub, 4 Ports, Pocket Sized, Plug & Play, for Laptop & Computers",Computers&Accessories,3.4,9385.0,1009,0.145,0.746,0.109,-0.8677,negative,0.0,neutral,Product Quality & Durability,False,0.8677
B0123P3PWE,Rico IRPRO 1500 Watt Japanese Technology Electric Water Heater Immersion Rod Shockproof Protection & Stainless Steel Heating Element for Instant Heating| ISI Certified 1 Year Replacement Warranty,Home&Kitchen,4.1,9275.0,784,0.064,0.811,0.125,0.4885,positive,0.0966736489045663,neutral,Price & Value,False,0.4885
B071R3LHFM,"Wonderchef Nutri-blend Mixer, Grinder & Blender | Powerful 400W 22000 RPM motor | Stainless steel Blades | 3 unbreakable jars | 2 Years warranty | Online recipe book by Chef Sanjeev Kapoor | Black",Home&Kitchen,3.8,8958.0,1089,0.086,0.84,0.074,-0.0735,negative,0.0,neutral,Compatibility & Usability,False,0.0735
B09XJ5LD6L,"Samsung Galaxy M53 5G (Deep Ocean Blue, 6GB, 128GB Storage) | 108MP | sAmoled+ 120Hz | 12GB RAM with RAM Plus | Travel Adapter to be Purchased Separately",Electronics,3.9,8866.0,6270,0.075,0.794,0.131,0.9974,positive,-0.1994467485943601,negative,Compatibility & Usability,False,0.9974
B07WJXCTG9,"Pigeon by Stovekraft Amaze Plus Electric Kettle (14313) with Stainless Steel Body, 1.8 litre, used for boiling Water, making tea and coffee, instant noodles, soup etc. 1500 Watt (Silver)",Home&Kitchen,3.9,8446.0,658,0.0,0.973,0.027,0.2838,positive,-0.1313064328597225,negative,Product Quality & Durability,False,0.2838
B07HZ2QCGR,POPIO Type C Dash Charging USB Data Cable for OnePlus Devices,Computers&Accessories,3.9,8314.0,6876,0.075,0.837,0.088,0.9206,positive,-0.1011299793694863,neutral,Charging & Power,False,0.9206
B083RCTXLL,"HP X200 Wireless Mouse with 2.4 GHz Wireless connectivity, Adjustable DPI up to 1600, ambidextrous Design, and 18-Month Long Battery Life. 3-Years Warranty (6VY95AA)",Computers&Accessories,4.2,8258.0,920,0.079,0.847,0.073,-0.2614,negative,0.1708715315433522,positive,Charging & Power,False,0.2614
B00J5DYCCA,Havells Ventil Air DSP 230mm Exhaust Fan (Pista Green),Home&Kitchen,4.0,8031.0,388,0.061,0.882,0.057,-0.296,negative,0.5298129428260175,positive,Product Quality & Durability,False,0.296
B0B3MMYHYW,OnePlus 126 cm (50 inches) Y Series 4K Ultra HD Smart Android LED TV 50Y1S Pro (Black),Electronics,4.2,7298.0,4937,0.119,0.784,0.097,-0.9821,negative,0.534133315601561,positive,Product Quality & Durability,False,0.9821
B09VCHLSJF,OnePlus 108 cm (43 inches) Y Series 4K Ultra HD Smart Android LED TV 43Y1S Pro (Black),Electronics,4.2,7298.0,4937,0.119,0.784,0.097,-0.9821,negative,0.534133315601561,positive,Product Quality & Durability,False,0.9821
B07V82W5CN,"HP USB Wireless Spill Resistance Keyboard and Mouse Set with 10m Working Range 2.4G Wireless Technology / 3 Years Warranty (4SC12PA), Black",Computers&Accessories,4.0,7113.0,834,0.147,0.752,0.101,-0.7564,negative,0.9053574604251852,positive,Compatibility & Usability,False,0.7564
B09MKP344P,"Tecno Spark 8T (Turquoise Cyan, 4GB RAM,64GB Storage) | 50MP AI Camera | 7GB Expandable RAM",Electronics,4.1,6662.0,433,0.162,0.681,0.156,-0.1435,negative,0.601929265428846,positive,Compatibility & Usability,False,0.1435
B095XCRDQW,"Esquire Laundry Basket Brown, 50 Ltr Capacity(Plastic)",Home&Kitchen,4.3,5911.0,1381,0.138,0.779,0.083,-0.9399,negative,0.9124211282466754,positive,Product Quality & Durability,False,0.9399
B08WRKSF9D,"V-Guard Divino 5 Star Rated 15 Litre Storage Water Heater (Geyser) with Advanced Safety Features, White",Home&Kitchen,4.4,5865.0,1475,0.065,0.843,0.093,0.8834,positive,-0.1414213562373095,negative,Product Quality & Durability,False,0.8834
B0B19VJXQZ,"ECOVACS DEEBOT N8 2-in-1 Robotic Vacuum Cleaner, 2022 New Launch, Most Powerful Suction, Covers 2000+ Sq. Ft in One Charge, Advanced dToF Technology with OZMO Mopping (DEEBOT N8) - White",Home&Kitchen,4.4,5298.0,7814,0.032,0.88,0.088,0.9979,positive,0.1184178492834674,neutral,Charging & Power,False,0.9979
B07989VV5K,"Usha Steam Pro SI 3713, 1300 W Steam Iron, Powerful steam Output up to 18 g/min, Non-Stick Soleplate (White & Blue)",Home&Kitchen,3.6,4881.0,388,0.065,0.778,0.157,0.7312,positive,-0.1360827634879543,negative,Product Quality & Durability,False,0.7312
B0117H7GZ6,GENERIC Ultra-Mini Bluetooth CSR 4.0 USB Dongle Adapter for Windows Computer ( Black:Golden),Computers&Accessories,3.4,4642.0,3909,0.043,0.87,0.087,0.9778,positive,-0.0440225453162811,neutral,Charging & Power,False,0.9778
B06XMZV7RH,ATOM Selves-MH 200 GM Digital Pocket Scale,Home&Kitchen,3.9,4584.0,395,0.156,0.681,0.163,-0.115,negative,0.5494422557947561,positive,Product Quality & Durability,False,0.115
B00K32PEW4,"Casio MJ-120D 150 Steps Check and Correct Desktop Calculator with Tax Keys, Black",OfficeProducts,4.4,4426.0,235,0.07,0.93,0.0,-0.2755,negative,0.5222329678670935,positive,General Experience,False,0.2755
B0B53QFZPY,"PTron Newly Launched Force X10 Bluetooth Calling Smartwatch with 1.7"" Full Touch Color Display, Real Heart Rate Monitor, SpO2, Watch Faces, 5 Days Runtime, Fitness Trackers & IP68 Waterproof (Pink)",Electronics,3.3,4415.0,375,0.123,0.831,0.045,-0.607,negative,0.0,neutral,Compatibility & Usability,False,0.607
B0B53NXFFR,"PTron Newly Launched Force X10 Bluetooth Calling Smartwatch with 1.7"" Full Touch Display, Real Heart Rate Monitor, SpO2, Watch Faces, 5 Days Runtime, Health/Fitness Trackers & IP68 Waterproof (Black)",Electronics,3.3,4415.0,375,0.123,0.831,0.045,-0.607,negative,0.0,neutral,Compatibility & Usability,False,0.607
B0B53QLB9H,"PTron Newly Launched Force X10 Bluetooth Calling Smartwatch with 1.7"" Full Touch Color Display, Real Heart Rate Monitor, SpO2, Watch Faces, 5 Days Runtime, Fitness Trackers & IP68 Waterproof (Blue)",Electronics,3.3,4415.0,375,0.123,0.831,0.045,-0.607,negative,0.0,neutral,Compatibility & Usability,False,0.607
B07BKSSDR2,Dr Trust Electronic Kitchen Digital Scale Weighing Machine (Blue),Health&PersonalCare,4.0,3663.0,1843,0.03,0.872,0.099,0.965,positive,0.0620173672946042,neutral,Price & Value,False,0.965
B014HDJ7ZE,"Bajaj Majesty Duetto Gas 6 Ltr Vertical Water Heater ( LPG), White",Home&Kitchen,3.9,3584.0,802,0.111,0.858,0.031,-0.9228,negative,0.647150228929434,positive,Product Quality & Durability,False,0.9228
B07LG96SDB,ESN 999 Supreme Quality 1500W Immersion Water Heater Rod (Black),Home&Kitchen,3.8,3195.0,302,0.095,0.874,0.031,-0.5106,negative,0.3015113445777636,positive,Product Quality & Durability,False,0.5106
B06XGWRKYT,Kodak 80 cm (32 Inches) HD Ready LED TV Kodak 32HDX900S (Black),Electronics,3.8,3022.0,906,0.101,0.806,0.093,-0.5404,negative,0.086386842558136,neutral,Product Quality & Durability,False,0.5404
B01M5F614J,"Morphy Richards OFR Room Heater, 09 Fin 2000 Watts Oil Filled Room Heater , ISI Approved (OFR 9 Grey)",Home&Kitchen,4.0,2961.0,1336,0.103,0.836,0.061,-0.8605,negative,0.2148344622118298,positive,Compatibility & Usability,False,0.8605
B094JNXNPV,"Ambrane Unbreakable 3 in 1 Fast Charging Braided Multipurpose Cable for Speaker with 2.1 A Speed - 1.25 meter, Black",Computers&Accessories,4.0,2766.0,943,0.066,0.833,0.101,0.7626,positive,0.0,neutral,Charging & Power,False,0.7626
B094JNXNPV,"Ambrane Unbreakable 3 in 1 Fast Charging Braided Multipurpose Cable for Speaker with 2.1 A Speed - 1.25 meter, Black",Computers&Accessories,4.0,2766.0,943,0.066,0.833,0.101,0.7626,positive,0.0,neutral,Charging & Power,False,0.7626
B078KRFWQB,"Havells Cista Room Heater, White, 2000 Watts",Home&Kitchen,3.8,2732.0,828,0.125,0.799,0.076,-0.7187,negative,0.1841149235796647,positive,Compatibility & Usability,False,0.7187
B07ZR4S1G4,Universal Remote Control for All Sony TV for All LCD LED and Bravia TVs Remote,Electronics,4.4,2640.0,723,0.163,0.682,0.155,-0.0179,neutral,0.6123724356957946,positive,Product Quality & Durability,False,0.0179
B01NBX5RSB,HP 65W AC Laptops Charger Adapter 4.5mm for HP Pavilion Black (Without Power Cable),Computers&Accessories,4.3,2585.0,222,0.0,1.0,0.0,0.0,neutral,0.9284766908852594,positive,Product Quality & Durability,False,0.0
B084BR3QX8,LAPSTER Accessories Power Cable Cord 2 Pin Laptop Adapter and Tape Recorder 1.5M,Computers&Accessories,3.5,2523.0,467,0.158,0.708,0.134,-0.4939,negative,0.6974858324629157,positive,Product Quality & Durability,False,0.4939
B08ZXZ362Z,"akiara - Makes life easy Mini Sewing Machine for Home Tailoring use | Mini Silai Machine with Sewing Kit Set Sewing Box with Thread Scissors, Needle All in One Sewing Accessories (White & Purple)",Home&Kitchen,3.5,2283.0,480,0.214,0.664,0.122,-0.7681,negative,0.2373563316387706,positive,Product Quality & Durability,False,0.7681
B085LPT5F4,Solidaire 550-Watt Mixer Grinder with 3 Jars (Black) (SLD-550-B),Home&Kitchen,3.9,2162.0,398,0.0,0.964,0.036,0.296,positive,0.0,neutral,General Experience,False,0.296
B071VMP1Z4,LRIPL Compatible Sony Bravia LCD/led Remote Works with Almost All Sony led/LCD tv's,Electronics,3.9,1951.0,660,0.089,0.817,0.094,-0.3434,negative,0.9233805168766388,positive,Product Quality & Durability,False,0.3434
B07VVXJ2P5,SVM Products Unbreakable Set Top Box Stand with Dual Remote Holder (Black),Electronics,3.6,1796.0,462,0.11,0.801,0.089,-0.4109,negative,0.8249579113843055,positive,Price & Value,False,0.4109
B09KH58JZR,Portronics Konnect L POR-1403 Fast Charging 3A Type-C Cable 1.2 Meter with Charge & Sync Function for All Type-C Devices (White),Computers&Accessories,4.1,1717.0,1229,0.099,0.833,0.068,-0.8288,negative,0.227429413073671,positive,Charging & Power,False,0.8288
B086PXQ2R4,"Classmate Long Book - Unruled, 160 Pages, 314 mm x 194 mm - Pack Of 3",OfficeProducts,4.5,1674.0,751,0.108,0.77,0.122,-0.0344,neutral,0.6897304947150052,positive,Delivery & Packaging,False,0.0344
B07DL1KC3H,Isoelite Remote Compatible for Samsung LED/LCD Remote Control Works with All Samsung LED/LCD TV Model No :- BN59-607A (Please Match The Image with Your Old Remote),Electronics,4.0,1588.0,943,0.074,0.801,0.125,0.8014,positive,0.0909090909090909,neutral,Compatibility & Usability,False,0.8014
B00H0B29DI,USHA Heat Convector 812 T 2000-Watt with Instant Heating Feature (Black),Home&Kitchen,3.8,1558.0,7563,0.07,0.807,0.123,0.9977,positive,0.0307583125960432,neutral,Charging & Power,False,0.9977
B00RFWNJMC,Airtel DigitalTV DTH Remote SD/HD/HD Recording Compatible for Television (Shining Black ),Electronics,3.7,1383.0,289,0.117,0.79,0.093,-0.3071,negative,0.6172133998483676,positive,Product Quality & Durability,False,0.3071
B07HK53XM4,"Bulfyss Plastic Sticky Lint Roller Hair Remover Cleaner Set of 5 Rolls 150 Sheets, 30 Sheets Each roll Lint Roller Remover for Clothes, Furniture, Carpet, Dog Fur, Sweater, Dust & Dirt",Home&Kitchen,3.5,1367.0,1284,0.123,0.776,0.101,-0.7265,negative,0.2193817272381391,positive,Product Quality & Durability,False,0.7265
B09MT94QLL,"Havells Glaze 74W Pearl Ivory Gold Ceiling Fan, Sweep: 1200 Mm",Home&Kitchen,4.2,1353.0,315,0.041,0.818,0.142,0.4246,positive,-0.1524985703326046,negative,Delivery & Packaging,False,0.4246
B083GQGT3Z,"Caprigo Heavy Duty TV Wall Mount Stand for 12 to 27 inches LED/LCD/Monitor Screen's, Full Motion Rotatable Universal TV & Monitor Wall Mount Bracket with Swivel & Tilt Adjustments (Single Arm - M416)",Electronics,4.1,1161.0,1305,0.125,0.753,0.121,-0.0161,neutral,0.6546536707079771,positive,Product Quality & Durability,False,0.0161
B00GHL8VP2,"USHA 1212 PTC with Adjustable Thermostat Fan Heater (Black/Brown, 1500-Watts).",Home&Kitchen,4.1,1127.0,723,0.011,0.811,0.178,0.972,positive,-0.0957826285221151,neutral,Price & Value,False,0.972
B01N1XVVLC,"Bajaj OFR Room Heater, 13 Fin 2900 Watts Oil Filled Room Heater with 400W PTC Ceramic Fan Heater, ISI Approved (Majesty 13F Plus Black)",Home&Kitchen,4.1,1017.0,2167,0.025,0.817,0.158,0.9954,positive,0.1109400392450458,neutral,Price & Value,False,0.9954
B09N3BFP4M,"Bajaj New Shakti Neo Plus 15 Litre 4 Star Rated Storage Water Heater (Geyser) with Multiple Safety System, White",Home&Kitchen,3.9,959.0,552,0.086,0.803,0.111,0.2797,positive,0.1104315260748465,neutral,Compatibility & Usability,False,0.2797
B09FPP3R1D,"Glen 3 in 1 Electric Multi Cooker - Steam, Cook & Egg Boiler with 350 W (SA 3035MC) - 350 Watts",Home&Kitchen,4.1,827.0,1282,0.063,0.817,0.119,0.9378,positive,0.0729324957489472,neutral,Delivery & Packaging,False,0.9378
B09WF4Q7B3,"Wipro Vesta 1380W Cordless Steam Iron Quick heat up with 20gm/ min Steam Burst, Scratch resistant Ceramic soleplate ,Vertical and Horizontal Ironing, Steam burst of upto .8g/ shot",Home&Kitchen,3.6,771.0,1227,0.088,0.84,0.072,-0.7037,negative,0.0,neutral,Delivery & Packaging,False,0.7037
B08HDCWDXD,"Eureka Forbes Active Clean 700 Watts Powerful Suction & Blower Vacuum Cleaner with Washable HEPA Filter & 6 Accessories,1 Year Warranty,Compact,Light Weight & Easy to use (Red & Black)",Home&Kitchen,4.0,743.0,578,0.1,0.726,0.174,0.8767,positive,-0.1125087900926024,neutral,Charging & Power,False,0.8767
B07F1T31ZZ,"Raffles Premium Stainless Steel South Indian Coffee Filter/Drip Coffee Maker, 2-3 Cups, 150 ml",Home&Kitchen,4.1,693.0,1334,0.079,0.828,0.094,0.0148,neutral,0.5671049640066687,positive,Price & Value,False,0.0148
B09Q3M3WLJ,Robustrion [Anti-Scratch] & [Smudge Proof] [Bubble Free] Premium Tempered Glass Screen Protector Guard for Samsung Galaxy Tab A8 10.5 inch [SM-X200/X205/X207] 2022,Computers&Accessories,4.0,691.0,754,0.023,0.939,0.038,-0.0387,neutral,0.8,positive,Price & Value,False,0.0387
B0B2CPVXHX,Robustrion Anti-Scratch & Smudge Proof Tempered Glass Screen Protector for Xiaomi Mi Pad 5 11 inch,Computers&Accessories,4.1,670.0,582,0.162,0.686,0.152,-0.2942,negative,0.2182178902359924,positive,Product Quality & Durability,False,0.2942
B08YK7BBD2,"Nirdambhay Mini Bag Sealer, 2 in 1 Heat Sealer and Cutter Handheld Sealing Machine Portable Bag Resealer Sealer for Plastic Bags Food Storage Snack Fresh Bag Sealer (Including 2 AA Battery)",Home&Kitchen,3.0,617.0,1266,0.091,0.817,0.092,-0.1573,negative,0.4435327625727437,positive,Product Quality & Durability,False,0.1573
B077BTLQ67,"Orient Electric Aura Neo Instant 3L Water Heater (Geyser), 5-level Safety Shield, Stainless Steel Tank (White & Turquoise)",Home&Kitchen,3.9,588.0,2563,0.052,0.861,0.087,0.9503,positive,0.1067521025367247,neutral,Delivery & Packaging,False,0.9503
B08XMSKKMM,7SEVEN® Bluetooth Voice Command Remote for Xiaomi Redmi Mi Smart TV with Netflix & Prime Video Hot Keys XMRM-00A,Electronics,3.3,576.0,1090,0.109,0.784,0.107,0.2981,positive,0.0,neutral,Compatibility & Usability,False,0.2981
B078JF6X9B,"Havells Instanio 3-Litre 4.5KW Instant Water Heater (Geyser), White Blue",Home&Kitchen,4.2,561.0,6032,0.014,0.913,0.074,0.9956,positive,-0.0689245516795577,neutral,Price & Value,False,0.9956
B0B7FJNSZR,Proven® Copper + Mineral RO+UV+UF 10 to 12 Liter RO + UV + TDS ADJUSTER Water Purifier with Copper Charge Technology black & copper Best For Home and Office (Made In India),Home&Kitchen,4.4,535.0,578,0.053,0.853,0.094,0.5859,positive,0.0,neutral,General Experience,False,0.5859
B09C6FML9B,"Duracell Micro USB 3A Braided Sync & Fast Charging Cable, 3.9 Feet (1.2M). Supports QC 2.0/3.0 Charging, High Speed Data Transmission - Black",Computers&Accessories,4.1,491.0,629,0.131,0.764,0.105,-0.6026,negative,0.52999894000318,positive,Charging & Power,False,0.6026
B0B4KPCBSH,IKEA Frother for Milk,Home&Kitchen,3.3,478.0,999,0.13,0.839,0.031,-0.9396,negative,-0.0816496580927726,neutral,Product Quality & Durability,False,0.9396
B09SZ5TWHW,"Swiss Military VC03 Wireless Car Vacuum Cleaner | Wireless Vacuum Cleaner for Home, Car, Living Room | Wireless Vacuum Cleaner Dust Collection/Lighting Car Pet Hair Vacuum with Powerful Motor",Home&Kitchen,3.9,463.0,1051,0.128,0.758,0.115,-0.3662,negative,0.329914439536929,positive,Delivery & Packaging,False,0.3662
B099S26HWG,"Classmate Pulse 1 Subject Notebook - 240mm x 180mm , Soft Cover, 180 Pages, Single Line, Pack of 4",OfficeProducts,4.2,419.0,177,0.0,1.0,0.0,0.0,neutral,0.5883484054145521,positive,Product Quality & Durability,False,0.0
B09VL9KFDB,Havells Gatik Neo 400mm Pedestal Fan (Aqua Blue),Home&Kitchen,3.8,397.0,456,0.124,0.678,0.198,0.6511,positive,-0.625,negative,Product Quality & Durability,False,0.6511
